{
  "/purchase.php-178" : {
    "transaction" : "/purchase.php-178",
    "sampleCount" : 1000,
    "errorCount" : 0,
    "errorPct" : 0.0,
    "meanResTime" : 530.2040000000002,
    "medianResTime" : 487.5,
    "minResTime" : 354.0,
    "maxResTime" : 1627.0,
    "pct1ResTime" : 723.9,
    "pct2ResTime" : 829.8499999999998,
    "pct3ResTime" : 1047.97,
    "throughput" : 35.631569570639584,
    "receivedKBytesPerSec" : 89.25673380990557,
    "sentKBytesPerSec" : 23.765978531979332
  },
  "/reserve.php-175" : {
    "transaction" : "/reserve.php-175",
    "sampleCount" : 1000,
    "errorCount" : 0,
    "errorPct" : 0.0,
    "meanResTime" : 517.6120000000003,
    "medianResTime" : 478.0,
    "minResTime" : 348.0,
    "maxResTime" : 1327.0,
    "pct1ResTime" : 702.9,
    "pct2ResTime" : 799.7999999999997,
    "pct3ResTime" : 1030.92,
    "throughput" : 35.665882017262284,
    "receivedKBytesPerSec" : 82.62099093194949,
    "sentKBytesPerSec" : 22.11006045367002
  },
  "Debug Sampler" : {
    "transaction" : "Debug Sampler",
    "sampleCount" : 1000,
    "errorCount" : 0,
    "errorPct" : 0.0,
    "meanResTime" : 0.12499999999999992,
    "medianResTime" : 0.0,
    "minResTime" : 0.0,
    "maxResTime" : 8.0,
    "pct1ResTime" : 1.0,
    "pct2ResTime" : 1.0,
    "pct3ResTime" : 1.0,
    "throughput" : 35.80507715994128,
    "receivedKBytesPerSec" : 16.172775721472306,
    "sentKBytesPerSec" : 0.0
  },
  "/confirmation.php-209" : {
    "transaction" : "/confirmation.php-209",
    "sampleCount" : 1000,
    "errorCount" : 0,
    "errorPct" : 0.0,
    "meanResTime" : 524.9940000000001,
    "medianResTime" : 480.0,
    "minResTime" : 353.0,
    "maxResTime" : 2076.0,
    "pct1ResTime" : 717.0,
    "pct2ResTime" : 812.8499999999998,
    "pct3ResTime" : 1106.94,
    "throughput" : 35.294532876857375,
    "receivedKBytesPerSec" : 81.83795728479159,
    "sentKBytesPerSec" : 27.229180637419265
  },
  "Total" : {
    "transaction" : "Total",
    "sampleCount" : 5000,
    "errorCount" : 0,
    "errorPct" : 0.0,
    "meanResTime" : 420.2313999999997,
    "medianResTime" : 448.0,
    "minResTime" : 0.0,
    "maxResTime" : 2274.0,
    "pct1ResTime" : 685.9000000000005,
    "pct2ResTime" : 778.0,
    "pct3ResTime" : 1011.9799999999996,
    "throughput" : 166.1350345560872,
    "receivedKBytesPerSec" : 326.4906790458034,
    "sentKBytesPerSec" : 82.89878638357257
  },
  "/-165" : {
    "transaction" : "/-165",
    "sampleCount" : 1000,
    "errorCount" : 0,
    "errorPct" : 0.0,
    "meanResTime" : 528.2219999999998,
    "medianResTime" : 486.5,
    "minResTime" : 348.0,
    "maxResTime" : 2274.0,
    "pct1ResTime" : 719.8,
    "pct2ResTime" : 825.0,
    "pct3ResTime" : 1032.0,
    "throughput" : 34.960145434205,
    "receivedKBytesPerSec" : 78.10591531123269,
    "sentKBytesPerSec" : 15.2609228604391
  }
}