{
  "/purchase.php-178" : {
    "transaction" : "/purchase.php-178",
    "sampleCount" : 10,
    "errorCount" : 0,
    "errorPct" : 0.0,
    "meanResTime" : 537.1,
    "medianResTime" : 451.5,
    "minResTime" : 378.0,
    "maxResTime" : 1022.0,
    "pct1ResTime" : 986.4000000000001,
    "pct2ResTime" : 1022.0,
    "pct3ResTime" : 1022.0,
    "throughput" : 6.968641114982578,
    "receivedKBytesPerSec" : 17.467198388501743,
    "sentKBytesPerSec" : 4.648029181184669
  },
  "/reserve.php-175" : {
    "transaction" : "/reserve.php-175",
    "sampleCount" : 10,
    "errorCount" : 0,
    "errorPct" : 0.0,
    "meanResTime" : 430.3,
    "medianResTime" : 421.5,
    "minResTime" : 378.0,
    "maxResTime" : 561.0,
    "pct1ResTime" : 551.3000000000001,
    "pct2ResTime" : 561.0,
    "pct3ResTime" : 561.0,
    "throughput" : 8.084074373484237,
    "receivedKBytesPerSec" : 18.57600293047696,
    "sentKBytesPerSec" : 5.011494543249798
  },
  "/confirmation.php-209" : {
    "transaction" : "/confirmation.php-209",
    "sampleCount" : 10,
    "errorCount" : 0,
    "errorPct" : 0.0,
    "meanResTime" : 429.7,
    "medianResTime" : 413.0,
    "minResTime" : 381.0,
    "maxResTime" : 530.0,
    "pct1ResTime" : 524.7,
    "pct2ResTime" : 530.0,
    "pct3ResTime" : 530.0,
    "throughput" : 6.613756613756613,
    "receivedKBytesPerSec" : 15.230370577050264,
    "sentKBytesPerSec" : 5.102409887566138
  },
  "Total" : {
    "transaction" : "Total",
    "sampleCount" : 40,
    "errorCount" : 0,
    "errorPct" : 0.0,
    "meanResTime" : 519.5250000000002,
    "medianResTime" : 453.0,
    "minResTime" : 378.0,
    "maxResTime" : 1022.0,
    "pct1ResTime" : 889.6999999999998,
    "pct2ResTime" : 997.7499999999998,
    "pct3ResTime" : 1022.0,
    "throughput" : 12.907389480477573,
    "receivedKBytesPerSec" : 30.270286281865115,
    "sentKBytesPerSec" : 8.050732090997096
  },
  "/-165" : {
    "transaction" : "/-165",
    "sampleCount" : 10,
    "errorCount" : 0,
    "errorPct" : 0.0,
    "meanResTime" : 681.0,
    "medianResTime" : 579.0,
    "minResTime" : 497.0,
    "maxResTime" : 1000.0,
    "pct1ResTime" : 995.5,
    "pct2ResTime" : 1000.0,
    "pct3ResTime" : 1000.0,
    "throughput" : 7.112375533428165,
    "receivedKBytesPerSec" : 16.170235819701283,
    "sentKBytesPerSec" : 3.104718616642959
  }
}